"code","name","total_count","average_per_event","uncertainty","sub_sample"
211,"E. coli WT",9238697,20.01013,0.00658,"DataFiles/output-Set1.txt"
-211,"E. coli mutant",9225784,19.98216,0.00658,"DataFiles/output-Set1.txt"
-321,"Bacillus subtilis mutant",1161038,2.5147,0.00233,"DataFiles/output-Set1.txt"
321,"Bacillus subtilis WT",1160847,2.51428,0.00233,"DataFiles/output-Set1.txt"
310,"Unknown",1148698,2.48797,0.00232,"DataFiles/output-Set1.txt"
130,"Unknown",1148538,2.48762,0.00232,"DataFiles/output-Set1.txt"
2212,"Pseudomonas aeruginosa WT",559591,1.21202,0.00162,"DataFiles/output-Set1.txt"
-2212,"Pseudomonas aeruginosa antibiotic-resistant",547362,1.18553,0.0016,"DataFiles/output-Set1.txt"
3122,"Streptococcus pneumoniae",128382,0.27806,0.00078,"DataFiles/output-Set1.txt"
-3122,"Capsule-deficient S. pneumoniae",126244,0.27343,0.00077,"DataFiles/output-Set1.txt"
3212,"Unknown",70933,0.15363,0.00058,"DataFiles/output-Set1.txt"
-3212,"Unknown",70279,0.15222,0.00057,"DataFiles/output-Set1.txt"
3222,"Unknown",69617,0.15078,0.00057,"DataFiles/output-Set1.txt"
3112,"Unknown",68923,0.14928,0.00057,"DataFiles/output-Set1.txt"
-3222,"Unknown",68422,0.1482,0.00057,"DataFiles/output-Set1.txt"
-3112,"Unknown",67974,0.14723,0.00056,"DataFiles/output-Set1.txt"
-3312,"Drug-resistant M. tuberculosis",18306,0.03965,0.00029,"DataFiles/output-Set1.txt"
3312,"Mycobacterium tuberculosis",18132,0.03927,0.00029,"DataFiles/output-Set1.txt"
3322,"Unknown",18112,0.03923,0.00029,"DataFiles/output-Set1.txt"
-3322,"Unknown",17968,0.03892,0.00029,"DataFiles/output-Set1.txt"
-431,"Unknown",5486,0.01188,0.00016,"DataFiles/output-Set1.txt"
431,"Unknown",5353,0.01159,0.00016,"DataFiles/output-Set1.txt"
3334,"Salmonella enterica",594,0.00129,0.00005,"DataFiles/output-Set1.txt"
-3334,"Salmonella mutant",544,0.00118,0.00005,"DataFiles/output-Set1.txt"
531,"Unknown",500,0.00108,0.00005,"DataFiles/output-Set1.txt"
-531,"Unknown",448,0.00097,0.00005,"DataFiles/output-Set1.txt"
4132,"Unknown",289,0.00063,0.00004,"DataFiles/output-Set1.txt"
4232,"Unknown",289,0.00063,0.00004,"DataFiles/output-Set1.txt"
-4132,"Unknown",282,0.00061,0.00004,"DataFiles/output-Set1.txt"
-4232,"Unknown",265,0.00057,0.00004,"DataFiles/output-Set1.txt"
5132,"Unknown",27,0.00006,0.00001,"DataFiles/output-Set1.txt"
-5132,"Unknown",26,0.00006,0.00001,"DataFiles/output-Set1.txt"
-5232,"Unknown",22,0.00005,0.00001,"DataFiles/output-Set1.txt"
5232,"Unknown",16,0.00003,0.00001,"DataFiles/output-Set1.txt"
-4332,"Unknown",14,0.00003,0.00001,"DataFiles/output-Set1.txt"
4332,"Unknown",2,0,0,"DataFiles/output-Set1.txt"
-5332,"Unknown",1,0,0,"DataFiles/output-Set1.txt"
211,"E. coli WT",9217281,19.95795,0.00657,"DataFiles/output-Set2.txt"
-211,"E. coli mutant",9199992,19.92052,0.00657,"DataFiles/output-Set2.txt"
321,"Bacillus subtilis WT",1158718,2.50894,0.00233,"DataFiles/output-Set2.txt"
-321,"Bacillus subtilis mutant",1156555,2.50426,0.00233,"DataFiles/output-Set2.txt"
130,"Unknown",1146600,2.4827,0.00232,"DataFiles/output-Set2.txt"
310,"Unknown",1144993,2.47923,0.00232,"DataFiles/output-Set2.txt"
2212,"Pseudomonas aeruginosa WT",557203,1.2065,0.00162,"DataFiles/output-Set2.txt"
-2212,"Pseudomonas aeruginosa antibiotic-resistant",547032,1.18447,0.0016,"DataFiles/output-Set2.txt"
3122,"Streptococcus pneumoniae",128195,0.27758,0.00078,"DataFiles/output-Set2.txt"
-3122,"Capsule-deficient S. pneumoniae",125989,0.2728,0.00077,"DataFiles/output-Set2.txt"
3212,"Unknown",70819,0.15334,0.00058,"DataFiles/output-Set2.txt"
-3212,"Unknown",70372,0.15237,0.00057,"DataFiles/output-Set2.txt"
3112,"Unknown",68890,0.14917,0.00057,"DataFiles/output-Set2.txt"
3222,"Unknown",68490,0.1483,0.00057,"DataFiles/output-Set2.txt"
-3112,"Unknown",68049,0.14734,0.00056,"DataFiles/output-Set2.txt"
-3222,"Unknown",68018,0.14728,0.00056,"DataFiles/output-Set2.txt"
3322,"Unknown",18221,0.03945,0.00029,"DataFiles/output-Set2.txt"
3312,"Mycobacterium tuberculosis",18177,0.03936,0.00029,"DataFiles/output-Set2.txt"
-3312,"Drug-resistant M. tuberculosis",18160,0.03932,0.00029,"DataFiles/output-Set2.txt"
-3322,"Unknown",18075,0.03914,0.00029,"DataFiles/output-Set2.txt"
-431,"Unknown",5368,0.01162,0.00016,"DataFiles/output-Set2.txt"
431,"Unknown",5358,0.0116,0.00016,"DataFiles/output-Set2.txt"
3334,"Salmonella enterica",542,0.00117,0.00005,"DataFiles/output-Set2.txt"
-3334,"Salmonella mutant",518,0.00112,0.00005,"DataFiles/output-Set2.txt"
531,"Unknown",425,0.00092,0.00004,"DataFiles/output-Set2.txt"
-531,"Unknown",410,0.00089,0.00004,"DataFiles/output-Set2.txt"
-4232,"Unknown",267,0.00058,0.00004,"DataFiles/output-Set2.txt"
4232,"Unknown",262,0.00057,0.00004,"DataFiles/output-Set2.txt"
4132,"Unknown",260,0.00056,0.00003,"DataFiles/output-Set2.txt"
-4132,"Unknown",243,0.00053,0.00003,"DataFiles/output-Set2.txt"
5132,"Unknown",38,0.00008,0.00001,"DataFiles/output-Set2.txt"
-5232,"Unknown",20,0.00004,0.00001,"DataFiles/output-Set2.txt"
5232,"Unknown",17,0.00004,0.00001,"DataFiles/output-Set2.txt"
-5132,"Unknown",14,0.00003,0.00001,"DataFiles/output-Set2.txt"
4332,"Unknown",8,0.00002,0.00001,"DataFiles/output-Set2.txt"
-4332,"Unknown",3,0.00001,0,"DataFiles/output-Set2.txt"
5332,"Unknown",3,0.00001,0,"DataFiles/output-Set2.txt"
211,"E. coli WT",9201539,19.93138,0.00657,"DataFiles/output-Set3.txt"
-211,"E. coli mutant",9187400,19.90075,0.00657,"DataFiles/output-Set3.txt"
321,"Bacillus subtilis WT",1157517,2.50729,0.00233,"DataFiles/output-Set3.txt"
-321,"Bacillus subtilis mutant",1154104,2.49989,0.00233,"DataFiles/output-Set3.txt"
130,"Unknown",1142066,2.47382,0.00231,"DataFiles/output-Set3.txt"
310,"Unknown",1141273,2.4721,0.00231,"DataFiles/output-Set3.txt"
2212,"Pseudomonas aeruginosa WT",557629,1.20788,0.00162,"DataFiles/output-Set3.txt"
-2212,"Pseudomonas aeruginosa antibiotic-resistant",546402,1.18356,0.0016,"DataFiles/output-Set3.txt"
3122,"Streptococcus pneumoniae",127628,0.27645,0.00077,"DataFiles/output-Set3.txt"
-3122,"Capsule-deficient S. pneumoniae",125314,0.27144,0.00077,"DataFiles/output-Set3.txt"
3212,"Unknown",70335,0.15235,0.00057,"DataFiles/output-Set3.txt"
-3212,"Unknown",70054,0.15174,0.00057,"DataFiles/output-Set3.txt"
3222,"Unknown",69266,0.15004,0.00057,"DataFiles/output-Set3.txt"
3112,"Unknown",68828,0.14909,0.00057,"DataFiles/output-Set3.txt"
-3222,"Unknown",68377,0.14811,0.00057,"DataFiles/output-Set3.txt"
-3112,"Unknown",67849,0.14697,0.00056,"DataFiles/output-Set3.txt"
3312,"Mycobacterium tuberculosis",18365,0.03978,0.00029,"DataFiles/output-Set3.txt"
-3312,"Drug-resistant M. tuberculosis",18089,0.03918,0.00029,"DataFiles/output-Set3.txt"
3322,"Unknown",17965,0.03891,0.00029,"DataFiles/output-Set3.txt"
-3322,"Unknown",17903,0.03878,0.00029,"DataFiles/output-Set3.txt"
431,"Unknown",5495,0.0119,0.00016,"DataFiles/output-Set3.txt"
-431,"Unknown",5481,0.01187,0.00016,"DataFiles/output-Set3.txt"
-3334,"Salmonella mutant",556,0.0012,0.00005,"DataFiles/output-Set3.txt"
3334,"Salmonella enterica",534,0.00116,0.00005,"DataFiles/output-Set3.txt"
-531,"Unknown",450,0.00097,0.00005,"DataFiles/output-Set3.txt"
531,"Unknown",430,0.00093,0.00004,"DataFiles/output-Set3.txt"
-4232,"Unknown",290,0.00063,0.00004,"DataFiles/output-Set3.txt"
4232,"Unknown",285,0.00062,0.00004,"DataFiles/output-Set3.txt"
4132,"Unknown",283,0.00061,0.00004,"DataFiles/output-Set3.txt"
-4132,"Unknown",252,0.00055,0.00003,"DataFiles/output-Set3.txt"
5232,"Unknown",29,0.00006,0.00001,"DataFiles/output-Set3.txt"
-5232,"Unknown",24,0.00005,0.00001,"DataFiles/output-Set3.txt"
-5132,"Unknown",21,0.00005,0.00001,"DataFiles/output-Set3.txt"
5132,"Unknown",14,0.00003,0.00001,"DataFiles/output-Set3.txt"
4332,"Unknown",7,0.00002,0.00001,"DataFiles/output-Set3.txt"
-4332,"Unknown",3,0.00001,0,"DataFiles/output-Set3.txt"
5332,"Unknown",1,0,0,"DataFiles/output-Set3.txt"
211,"E. coli WT",9220130,19.97056,0.00658,"DataFiles/output-Set4.txt"
-211,"E. coli mutant",9202996,19.93345,0.00657,"DataFiles/output-Set4.txt"
321,"Bacillus subtilis WT",1159829,2.51216,0.00233,"DataFiles/output-Set4.txt"
-321,"Bacillus subtilis mutant",1156912,2.50584,0.00233,"DataFiles/output-Set4.txt"
130,"Unknown",1146637,2.48359,0.00232,"DataFiles/output-Set4.txt"
310,"Unknown",1144396,2.47873,0.00232,"DataFiles/output-Set4.txt"
2212,"Pseudomonas aeruginosa WT",558868,1.21049,0.00162,"DataFiles/output-Set4.txt"
-2212,"Pseudomonas aeruginosa antibiotic-resistant",548081,1.18713,0.0016,"DataFiles/output-Set4.txt"
3122,"Streptococcus pneumoniae",128147,0.27756,0.00078,"DataFiles/output-Set4.txt"
-3122,"Capsule-deficient S. pneumoniae",125397,0.27161,0.00077,"DataFiles/output-Set4.txt"
3212,"Unknown",70891,0.15355,0.00058,"DataFiles/output-Set4.txt"
-3212,"Unknown",70163,0.15197,0.00057,"DataFiles/output-Set4.txt"
3222,"Unknown",69140,0.14976,0.00057,"DataFiles/output-Set4.txt"
3112,"Unknown",68737,0.14888,0.00057,"DataFiles/output-Set4.txt"
-3222,"Unknown",68193,0.1477,0.00057,"DataFiles/output-Set4.txt"
-3112,"Unknown",67531,0.14627,0.00056,"DataFiles/output-Set4.txt"
3312,"Mycobacterium tuberculosis",18316,0.03967,0.00029,"DataFiles/output-Set4.txt"
-3322,"Unknown",18048,0.03909,0.00029,"DataFiles/output-Set4.txt"
3322,"Unknown",18015,0.03902,0.00029,"DataFiles/output-Set4.txt"
-3312,"Drug-resistant M. tuberculosis",17860,0.03868,0.00029,"DataFiles/output-Set4.txt"
-431,"Unknown",5516,0.01195,0.00016,"DataFiles/output-Set4.txt"
431,"Unknown",5457,0.01182,0.00016,"DataFiles/output-Set4.txt"
3334,"Salmonella enterica",543,0.00118,0.00005,"DataFiles/output-Set4.txt"
-3334,"Salmonella mutant",520,0.00113,0.00005,"DataFiles/output-Set4.txt"
531,"Unknown",445,0.00096,0.00005,"DataFiles/output-Set4.txt"
-531,"Unknown",423,0.00092,0.00004,"DataFiles/output-Set4.txt"
4232,"Unknown",290,0.00063,0.00004,"DataFiles/output-Set4.txt"
4132,"Unknown",284,0.00062,0.00004,"DataFiles/output-Set4.txt"
-4232,"Unknown",278,0.0006,0.00004,"DataFiles/output-Set4.txt"
-4132,"Unknown",262,0.00057,0.00004,"DataFiles/output-Set4.txt"
5232,"Unknown",32,0.00007,0.00001,"DataFiles/output-Set4.txt"
5132,"Unknown",29,0.00006,0.00001,"DataFiles/output-Set4.txt"
-5132,"Unknown",22,0.00005,0.00001,"DataFiles/output-Set4.txt"
-5232,"Unknown",20,0.00004,0.00001,"DataFiles/output-Set4.txt"
4332,"Unknown",10,0.00002,0.00001,"DataFiles/output-Set4.txt"
-4332,"Unknown",8,0.00002,0.00001,"DataFiles/output-Set4.txt"
-5332,"Unknown",1,0,0,"DataFiles/output-Set4.txt"
211,"E. coli WT",9198384,19.91652,0.00657,"DataFiles/output-Set5.txt"
-211,"E. coli mutant",9183990,19.88535,0.00656,"DataFiles/output-Set5.txt"
321,"Bacillus subtilis WT",1157714,2.5067,0.00233,"DataFiles/output-Set5.txt"
-321,"Bacillus subtilis mutant",1154806,2.50041,0.00233,"DataFiles/output-Set5.txt"
130,"Unknown",1143540,2.47601,0.00232,"DataFiles/output-Set5.txt"
310,"Unknown",1142153,2.47301,0.00231,"DataFiles/output-Set5.txt"
2212,"Pseudomonas aeruginosa WT",557561,1.20724,0.00162,"DataFiles/output-Set5.txt"
-2212,"Pseudomonas aeruginosa antibiotic-resistant",545381,1.18087,0.0016,"DataFiles/output-Set5.txt"
3122,"Streptococcus pneumoniae",127593,0.27627,0.00077,"DataFiles/output-Set5.txt"
-3122,"Capsule-deficient S. pneumoniae",125370,0.27145,0.00077,"DataFiles/output-Set5.txt"
3212,"Unknown",70665,0.15301,0.00058,"DataFiles/output-Set5.txt"
-3212,"Unknown",69422,0.15031,0.00057,"DataFiles/output-Set5.txt"
3222,"Unknown",69046,0.1495,0.00057,"DataFiles/output-Set5.txt"
3112,"Unknown",68842,0.14906,0.00057,"DataFiles/output-Set5.txt"
-3222,"Unknown",68454,0.14822,0.00057,"DataFiles/output-Set5.txt"
-3112,"Unknown",68283,0.14785,0.00057,"DataFiles/output-Set5.txt"
3312,"Mycobacterium tuberculosis",18295,0.03961,0.00029,"DataFiles/output-Set5.txt"
3322,"Unknown",18058,0.0391,0.00029,"DataFiles/output-Set5.txt"
-3322,"Unknown",17864,0.03868,0.00029,"DataFiles/output-Set5.txt"
-3312,"Drug-resistant M. tuberculosis",17796,0.03853,0.00029,"DataFiles/output-Set5.txt"
431,"Unknown",5410,0.01171,0.00016,"DataFiles/output-Set5.txt"
-431,"Unknown",5339,0.01156,0.00016,"DataFiles/output-Set5.txt"
-3334,"Salmonella mutant",571,0.00124,0.00005,"DataFiles/output-Set5.txt"
3334,"Salmonella enterica",549,0.00119,0.00005,"DataFiles/output-Set5.txt"
531,"Unknown",473,0.00102,0.00005,"DataFiles/output-Set5.txt"
-531,"Unknown",421,0.00091,0.00004,"DataFiles/output-Set5.txt"
-4232,"Unknown",295,0.00064,0.00004,"DataFiles/output-Set5.txt"
-4132,"Unknown",286,0.00062,0.00004,"DataFiles/output-Set5.txt"
4232,"Unknown",268,0.00058,0.00004,"DataFiles/output-Set5.txt"
4132,"Unknown",263,0.00057,0.00004,"DataFiles/output-Set5.txt"
5132,"Unknown",33,0.00007,0.00001,"DataFiles/output-Set5.txt"
-5232,"Unknown",28,0.00006,0.00001,"DataFiles/output-Set5.txt"
-5132,"Unknown",16,0.00003,0.00001,"DataFiles/output-Set5.txt"
5232,"Unknown",16,0.00003,0.00001,"DataFiles/output-Set5.txt"
4332,"Unknown",11,0.00002,0.00001,"DataFiles/output-Set5.txt"
-4332,"Unknown",6,0.00001,0.00001,"DataFiles/output-Set5.txt"
5332,"Unknown",3,0.00001,0,"DataFiles/output-Set5.txt"
211,"E. coli WT",9202451,19.91765,0.00657,"DataFiles/output-Set6.txt"
-211,"E. coli mutant",9188286,19.88699,0.00656,"DataFiles/output-Set6.txt"
321,"Bacillus subtilis WT",1157840,2.50601,0.00233,"DataFiles/output-Set6.txt"
-321,"Bacillus subtilis mutant",1154914,2.49968,0.00233,"DataFiles/output-Set6.txt"
310,"Unknown",1143296,2.47453,0.00231,"DataFiles/output-Set6.txt"
130,"Unknown",1142457,2.47272,0.00231,"DataFiles/output-Set6.txt"
2212,"Pseudomonas aeruginosa WT",558308,1.20839,0.00162,"DataFiles/output-Set6.txt"
-2212,"Pseudomonas aeruginosa antibiotic-resistant",545983,1.18172,0.0016,"DataFiles/output-Set6.txt"
3122,"Streptococcus pneumoniae",127805,0.27662,0.00077,"DataFiles/output-Set6.txt"
-3122,"Capsule-deficient S. pneumoniae",125603,0.27185,0.00077,"DataFiles/output-Set6.txt"
3212,"Unknown",70342,0.15225,0.00057,"DataFiles/output-Set6.txt"
-3212,"Unknown",69690,0.15084,0.00057,"DataFiles/output-Set6.txt"
3222,"Unknown",69077,0.14951,0.00057,"DataFiles/output-Set6.txt"
3112,"Unknown",68344,0.14792,0.00057,"DataFiles/output-Set6.txt"
-3222,"Unknown",67971,0.14712,0.00056,"DataFiles/output-Set6.txt"
-3112,"Unknown",67658,0.14644,0.00056,"DataFiles/output-Set6.txt"
3322,"Unknown",18210,0.03941,0.00029,"DataFiles/output-Set6.txt"
3312,"Mycobacterium tuberculosis",17967,0.03889,0.00029,"DataFiles/output-Set6.txt"
-3312,"Drug-resistant M. tuberculosis",17941,0.03883,0.00029,"DataFiles/output-Set6.txt"
-3322,"Unknown",17822,0.03857,0.00029,"DataFiles/output-Set6.txt"
431,"Unknown",5402,0.01169,0.00016,"DataFiles/output-Set6.txt"
-431,"Unknown",5386,0.01166,0.00016,"DataFiles/output-Set6.txt"
-3334,"Salmonella mutant",544,0.00118,0.00005,"DataFiles/output-Set6.txt"
3334,"Salmonella enterica",521,0.00113,0.00005,"DataFiles/output-Set6.txt"
-531,"Unknown",467,0.00101,0.00005,"DataFiles/output-Set6.txt"
531,"Unknown",419,0.00091,0.00004,"DataFiles/output-Set6.txt"
4232,"Unknown",280,0.00061,0.00004,"DataFiles/output-Set6.txt"
-4132,"Unknown",265,0.00057,0.00004,"DataFiles/output-Set6.txt"
-4232,"Unknown",262,0.00057,0.00004,"DataFiles/output-Set6.txt"
4132,"Unknown",250,0.00054,0.00003,"DataFiles/output-Set6.txt"
5232,"Unknown",23,0.00005,0.00001,"DataFiles/output-Set6.txt"
-5232,"Unknown",22,0.00005,0.00001,"DataFiles/output-Set6.txt"
-5132,"Unknown",19,0.00004,0.00001,"DataFiles/output-Set6.txt"
5132,"Unknown",19,0.00004,0.00001,"DataFiles/output-Set6.txt"
4332,"Unknown",9,0.00002,0.00001,"DataFiles/output-Set6.txt"
-4332,"Unknown",4,0.00001,0,"DataFiles/output-Set6.txt"
211,"E. coli WT",9206274,19.93261,0.00657,"DataFiles/output-Set7.txt"
-211,"E. coli mutant",9189239,19.89573,0.00656,"DataFiles/output-Set7.txt"
321,"Bacillus subtilis WT",1155820,2.50248,0.00233,"DataFiles/output-Set7.txt"
-321,"Bacillus subtilis mutant",1154695,2.50004,0.00233,"DataFiles/output-Set7.txt"
130,"Unknown",1143664,2.47616,0.00232,"DataFiles/output-Set7.txt"
310,"Unknown",1143482,2.47577,0.00232,"DataFiles/output-Set7.txt"
2212,"Pseudomonas aeruginosa WT",557668,1.20741,0.00162,"DataFiles/output-Set7.txt"
-2212,"Pseudomonas aeruginosa antibiotic-resistant",546454,1.18313,0.0016,"DataFiles/output-Set7.txt"
3122,"Streptococcus pneumoniae",126934,0.27483,0.00077,"DataFiles/output-Set7.txt"
-3122,"Capsule-deficient S. pneumoniae",125233,0.27114,0.00077,"DataFiles/output-Set7.txt"
3212,"Unknown",70814,0.15332,0.00058,"DataFiles/output-Set7.txt"
-3212,"Unknown",69353,0.15016,0.00057,"DataFiles/output-Set7.txt"
3222,"Unknown",68993,0.14938,0.00057,"DataFiles/output-Set7.txt"
3112,"Unknown",68560,0.14844,0.00057,"DataFiles/output-Set7.txt"
-3222,"Unknown",68234,0.14773,0.00057,"DataFiles/output-Set7.txt"
-3112,"Unknown",67775,0.14674,0.00056,"DataFiles/output-Set7.txt"
-3322,"Unknown",18281,0.03958,0.00029,"DataFiles/output-Set7.txt"
3322,"Unknown",18154,0.03931,0.00029,"DataFiles/output-Set7.txt"
3312,"Mycobacterium tuberculosis",18129,0.03925,0.00029,"DataFiles/output-Set7.txt"
-3312,"Drug-resistant M. tuberculosis",17960,0.03889,0.00029,"DataFiles/output-Set7.txt"
-431,"Unknown",5347,0.01158,0.00016,"DataFiles/output-Set7.txt"
431,"Unknown",5288,0.01145,0.00016,"DataFiles/output-Set7.txt"
3334,"Salmonella enterica",550,0.00119,0.00005,"DataFiles/output-Set7.txt"
-3334,"Salmonella mutant",494,0.00107,0.00005,"DataFiles/output-Set7.txt"
531,"Unknown",488,0.00106,0.00005,"DataFiles/output-Set7.txt"
-531,"Unknown",452,0.00098,0.00005,"DataFiles/output-Set7.txt"
-4132,"Unknown",267,0.00058,0.00004,"DataFiles/output-Set7.txt"
4132,"Unknown",261,0.00057,0.00003,"DataFiles/output-Set7.txt"
-4232,"Unknown",254,0.00055,0.00003,"DataFiles/output-Set7.txt"
4232,"Unknown",251,0.00054,0.00003,"DataFiles/output-Set7.txt"
-5232,"Unknown",38,0.00008,0.00001,"DataFiles/output-Set7.txt"
5232,"Unknown",27,0.00006,0.00001,"DataFiles/output-Set7.txt"
5132,"Unknown",23,0.00005,0.00001,"DataFiles/output-Set7.txt"
-5132,"Unknown",21,0.00005,0.00001,"DataFiles/output-Set7.txt"
4332,"Unknown",11,0.00002,0.00001,"DataFiles/output-Set7.txt"
-4332,"Unknown",9,0.00002,0.00001,"DataFiles/output-Set7.txt"
-5332,"Unknown",1,0,0,"DataFiles/output-Set7.txt"
5332,"Unknown",1,0,0,"DataFiles/output-Set7.txt"
211,"E. coli WT",9220806,19.96316,0.00657,"DataFiles/output-Set8.txt"
-211,"E. coli mutant",9205166,19.9293,0.00657,"DataFiles/output-Set8.txt"
321,"Bacillus subtilis WT",1157998,2.50708,0.00233,"DataFiles/output-Set8.txt"
-321,"Bacillus subtilis mutant",1156300,2.5034,0.00233,"DataFiles/output-Set8.txt"
130,"Unknown",1145191,2.47935,0.00232,"DataFiles/output-Set8.txt"
310,"Unknown",1144343,2.47752,0.00232,"DataFiles/output-Set8.txt"
2212,"Pseudomonas aeruginosa WT",557324,1.20661,0.00162,"DataFiles/output-Set8.txt"
-2212,"Pseudomonas aeruginosa antibiotic-resistant",548178,1.18681,0.0016,"DataFiles/output-Set8.txt"
3122,"Streptococcus pneumoniae",127524,0.27609,0.00077,"DataFiles/output-Set8.txt"
-3122,"Capsule-deficient S. pneumoniae",124995,0.27062,0.00077,"DataFiles/output-Set8.txt"
3212,"Unknown",70452,0.15253,0.00057,"DataFiles/output-Set8.txt"
-3212,"Unknown",69785,0.15109,0.00057,"DataFiles/output-Set8.txt"
3222,"Unknown",68997,0.14938,0.00057,"DataFiles/output-Set8.txt"
3112,"Unknown",68679,0.14869,0.00057,"DataFiles/output-Set8.txt"
-3222,"Unknown",68655,0.14864,0.00057,"DataFiles/output-Set8.txt"
-3112,"Unknown",67633,0.14643,0.00056,"DataFiles/output-Set8.txt"
3312,"Mycobacterium tuberculosis",18213,0.03943,0.00029,"DataFiles/output-Set8.txt"
3322,"Unknown",18050,0.03908,0.00029,"DataFiles/output-Set8.txt"
-3322,"Unknown",17916,0.03879,0.00029,"DataFiles/output-Set8.txt"
-3312,"Drug-resistant M. tuberculosis",17732,0.03839,0.00029,"DataFiles/output-Set8.txt"
431,"Unknown",5431,0.01176,0.00016,"DataFiles/output-Set8.txt"
-431,"Unknown",5327,0.01153,0.00016,"DataFiles/output-Set8.txt"
3334,"Salmonella enterica",556,0.0012,0.00005,"DataFiles/output-Set8.txt"
-3334,"Salmonella mutant",515,0.00111,0.00005,"DataFiles/output-Set8.txt"
531,"Unknown",448,0.00097,0.00005,"DataFiles/output-Set8.txt"
-531,"Unknown",411,0.00089,0.00004,"DataFiles/output-Set8.txt"
4232,"Unknown",266,0.00058,0.00004,"DataFiles/output-Set8.txt"
-4132,"Unknown",257,0.00056,0.00003,"DataFiles/output-Set8.txt"
-4232,"Unknown",255,0.00055,0.00003,"DataFiles/output-Set8.txt"
4132,"Unknown",254,0.00055,0.00003,"DataFiles/output-Set8.txt"
5232,"Unknown",26,0.00006,0.00001,"DataFiles/output-Set8.txt"
-5232,"Unknown",25,0.00005,0.00001,"DataFiles/output-Set8.txt"
5132,"Unknown",15,0.00003,0.00001,"DataFiles/output-Set8.txt"
-5132,"Unknown",12,0.00003,0.00001,"DataFiles/output-Set8.txt"
4332,"Unknown",9,0.00002,0.00001,"DataFiles/output-Set8.txt"
-4332,"Unknown",5,0.00001,0,"DataFiles/output-Set8.txt"
5332,"Unknown",1,0,0,"DataFiles/output-Set8.txt"
-5332,"Unknown",1,0,0,"DataFiles/output-Set8.txt"
211,"E. coli WT",9195843,19.91188,0.00657,"DataFiles/output-Set9.txt"
-211,"E. coli mutant",9185115,19.88865,0.00656,"DataFiles/output-Set9.txt"
321,"Bacillus subtilis WT",1158009,2.50745,0.00233,"DataFiles/output-Set9.txt"
-321,"Bacillus subtilis mutant",1152903,2.4964,0.00232,"DataFiles/output-Set9.txt"
310,"Unknown",1140667,2.4699,0.00231,"DataFiles/output-Set9.txt"
130,"Unknown",1140641,2.46984,0.00231,"DataFiles/output-Set9.txt"
2212,"Pseudomonas aeruginosa WT",556883,1.20583,0.00162,"DataFiles/output-Set9.txt"
-2212,"Pseudomonas aeruginosa antibiotic-resistant",545573,1.18134,0.0016,"DataFiles/output-Set9.txt"
3122,"Streptococcus pneumoniae",127059,0.27512,0.00077,"DataFiles/output-Set9.txt"
-3122,"Capsule-deficient S. pneumoniae",124773,0.27017,0.00076,"DataFiles/output-Set9.txt"
3212,"Unknown",70676,0.15304,0.00058,"DataFiles/output-Set9.txt"
-3212,"Unknown",69778,0.15109,0.00057,"DataFiles/output-Set9.txt"
3222,"Unknown",68834,0.14905,0.00057,"DataFiles/output-Set9.txt"
3112,"Unknown",68784,0.14894,0.00057,"DataFiles/output-Set9.txt"
-3222,"Unknown",67886,0.14699,0.00056,"DataFiles/output-Set9.txt"
-3112,"Unknown",67671,0.14653,0.00056,"DataFiles/output-Set9.txt"
3312,"Mycobacterium tuberculosis",18166,0.03934,0.00029,"DataFiles/output-Set9.txt"
3322,"Unknown",18130,0.03926,0.00029,"DataFiles/output-Set9.txt"
-3312,"Drug-resistant M. tuberculosis",18079,0.03915,0.00029,"DataFiles/output-Set9.txt"
-3322,"Unknown",17922,0.03881,0.00029,"DataFiles/output-Set9.txt"
-431,"Unknown",5418,0.01173,0.00016,"DataFiles/output-Set9.txt"
431,"Unknown",5362,0.01161,0.00016,"DataFiles/output-Set9.txt"
3334,"Salmonella enterica",555,0.0012,0.00005,"DataFiles/output-Set9.txt"
-3334,"Salmonella mutant",513,0.00111,0.00005,"DataFiles/output-Set9.txt"
-531,"Unknown",460,0.001,0.00005,"DataFiles/output-Set9.txt"
531,"Unknown",437,0.00095,0.00005,"DataFiles/output-Set9.txt"
-4232,"Unknown",276,0.0006,0.00004,"DataFiles/output-Set9.txt"
4232,"Unknown",273,0.00059,0.00004,"DataFiles/output-Set9.txt"
-4132,"Unknown",259,0.00056,0.00003,"DataFiles/output-Set9.txt"
4132,"Unknown",243,0.00053,0.00003,"DataFiles/output-Set9.txt"
5132,"Unknown",30,0.00006,0.00001,"DataFiles/output-Set9.txt"
-5132,"Unknown",25,0.00005,0.00001,"DataFiles/output-Set9.txt"
5232,"Unknown",22,0.00005,0.00001,"DataFiles/output-Set9.txt"
-5232,"Unknown",21,0.00005,0.00001,"DataFiles/output-Set9.txt"
4332,"Unknown",10,0.00002,0.00001,"DataFiles/output-Set9.txt"
-4332,"Unknown",4,0.00001,0,"DataFiles/output-Set9.txt"
211,"E. coli WT",9225283,19.98328,0.00658,"DataFiles/output-Set10.txt"
-211,"E. coli mutant",9209574,19.94926,0.00657,"DataFiles/output-Set10.txt"
321,"Bacillus subtilis WT",1162935,2.51908,0.00234,"DataFiles/output-Set10.txt"
-321,"Bacillus subtilis mutant",1158719,2.50995,0.00233,"DataFiles/output-Set10.txt"
310,"Unknown",1146036,2.48248,0.00232,"DataFiles/output-Set10.txt"
130,"Unknown",1145988,2.48237,0.00232,"DataFiles/output-Set10.txt"
2212,"Pseudomonas aeruginosa WT",557658,1.20797,0.00162,"DataFiles/output-Set10.txt"
-2212,"Pseudomonas aeruginosa antibiotic-resistant",548001,1.18705,0.0016,"DataFiles/output-Set10.txt"
3122,"Streptococcus pneumoniae",128063,0.2774,0.00078,"DataFiles/output-Set10.txt"
-3122,"Capsule-deficient S. pneumoniae",125772,0.27244,0.00077,"DataFiles/output-Set10.txt"
3212,"Unknown",71070,0.15395,0.00058,"DataFiles/output-Set10.txt"
-3212,"Unknown",70134,0.15192,0.00057,"DataFiles/output-Set10.txt"
3112,"Unknown",69312,0.15014,0.00057,"DataFiles/output-Set10.txt"
3222,"Unknown",69059,0.14959,0.00057,"DataFiles/output-Set10.txt"
-3222,"Unknown",68327,0.14801,0.00057,"DataFiles/output-Set10.txt"
-3112,"Unknown",68172,0.14767,0.00057,"DataFiles/output-Set10.txt"
3312,"Mycobacterium tuberculosis",18379,0.03981,0.00029,"DataFiles/output-Set10.txt"
3322,"Unknown",18183,0.03939,0.00029,"DataFiles/output-Set10.txt"
-3312,"Drug-resistant M. tuberculosis",18181,0.03938,0.00029,"DataFiles/output-Set10.txt"
-3322,"Unknown",18080,0.03916,0.00029,"DataFiles/output-Set10.txt"
-431,"Unknown",5519,0.01195,0.00016,"DataFiles/output-Set10.txt"
431,"Unknown",5379,0.01165,0.00016,"DataFiles/output-Set10.txt"
-3334,"Salmonella mutant",543,0.00118,0.00005,"DataFiles/output-Set10.txt"
3334,"Salmonella enterica",538,0.00117,0.00005,"DataFiles/output-Set10.txt"
-531,"Unknown",455,0.00099,0.00005,"DataFiles/output-Set10.txt"
531,"Unknown",444,0.00096,0.00005,"DataFiles/output-Set10.txt"
4132,"Unknown",283,0.00061,0.00004,"DataFiles/output-Set10.txt"
-4232,"Unknown",267,0.00058,0.00004,"DataFiles/output-Set10.txt"
-4132,"Unknown",262,0.00057,0.00004,"DataFiles/output-Set10.txt"
4232,"Unknown",258,0.00056,0.00003,"DataFiles/output-Set10.txt"
5132,"Unknown",29,0.00006,0.00001,"DataFiles/output-Set10.txt"
5232,"Unknown",27,0.00006,0.00001,"DataFiles/output-Set10.txt"
-5232,"Unknown",25,0.00005,0.00001,"DataFiles/output-Set10.txt"
-5132,"Unknown",18,0.00004,0.00001,"DataFiles/output-Set10.txt"
-4332,"Unknown",9,0.00002,0.00001,"DataFiles/output-Set10.txt"
4332,"Unknown",8,0.00002,0.00001,"DataFiles/output-Set10.txt"
-5332,"Unknown",3,0.00001,0,"DataFiles/output-Set10.txt"
5332,"Unknown",1,0,0,"DataFiles/output-Set10.txt"
